customer_id,name,email,phone,city,join_date
CUST-10000,Rushil Dewan,alkaahuja@example.net,+914130783205,Sharjah,2025-07-07
CUST-10001,Amrita Parsa,vyanjana50@example.org,+912575948992,Abu Dhabi,2025-12-16
CUST-10002,Radhika Narula,arunimaramaswamy@example.com,0137237327,Ajman,2024-05-17
CUST-10003,Yasti Keer,mganesan@example.com,05992541936,Abu Dhabi,2026-02-20
CUST-10004,Oeshi Borah,ddey@example.org,0522545028,Ajman,2025-05-22
CUST-10005,Tanay Nadkarni,dpal@example.com,7658374942,Ajman,2025-07-28
CUST-10006,Lakshmi Trivedi,lchaudhuri@example.net,6587178620,Abu Dhabi,2024-12-20
CUST-10007,Yashawini Sane,ekantika37@example.org,9480201934,Abu Dhabi,2024-06-23
CUST-10008,Raksha Hora,raaginithaker@example.net,09885405436,Sharjah,2025-07-29
CUST-10009,Yash Deshpande,naidunihal@example.com,0762430646,Dubai,2025-07-10
CUST-10010,Viraj Garg,venkateshdarsh@example.org,2163842486,Abu Dhabi,2025-08-25
CUST-10011,Abhimanyu Saran,jagvibhatti@example.org,+915612470191,Ajman,2024-08-10
CUST-10012,Janya Nanda,priyaandra@example.net,2566534807,Abu Dhabi,2025-06-01
CUST-10013,Raagini Barman,battafinn@example.org,7080965126,Ajman,2025-06-06
CUST-10014,Nihal Sanghvi,finn38@example.net,9975354848,Ajman,2025-12-19
CUST-10015,Chandran Tara,deepa01@example.org,1906452286,Abu Dhabi,2024-11-21
CUST-10016,Saumya Kannan,kritika81@example.net,+916652482186,Ajman,2025-04-18
CUST-10017,Amara Chopra,dloke@example.org,2256240254,Abu Dhabi,2024-08-08
CUST-10018,Tejas Kant,ikshita77@example.net,0346450644,Sharjah,2025-01-16
CUST-10019,Yoshita Master,upadhriti41@example.com,4105930867,Sharjah,2025-08-17
CUST-10020,Nakul Pandya,neelimagill@example.org,06067611062,Sharjah,2024-07-09
CUST-10021,Turvi Chakraborty,lnadkarni@example.net,9382924764,Sharjah,2025-06-12
CUST-10022,Mohammed Chowdhury,tanviprasad@example.org,+913025918927,Dubai,2024-11-06
CUST-10023,Darsh Mittal,adityatak@example.com,04113536727,Dubai,2025-07-27
CUST-10024,William Comar,mohammed68@example.net,06115505926,Dubai,2025-12-04
CUST-10025,Udarsh Dhillon,nigammaanav@example.net,0860355151,Dubai,2025-04-17
CUST-10026,Neelima Solanki,sarinekantika@example.com,08662365377,Ajman,2024-06-28
CUST-10027,Kavya Ahuja,ekta61@example.net,4647239196,Sharjah,2026-02-27
CUST-10028,Neel Pingle,prabhakaranthony@example.org,+917191888082,Ajman,2024-12-23
CUST-10029,Sarthak Zachariah,brijesh07@example.org,+916287863598,Abu Dhabi,2026-02-15
CUST-10030,Abeer Borra,jayaramanzayyan@example.net,7390557201,Dubai,2025-01-18
CUST-10031,Xalak Jain,jack38@example.com,7176617103,Abu Dhabi,2024-12-27
CUST-10032,Falguni Srinivas,lankajairaj@example.net,07680089206,Sharjah,2026-03-07
CUST-10033,Bhanumati Bal,dattafaraj@example.org,+914121800420,Ajman,2024-08-01
CUST-10034,Meghana Sarkar,dkota@example.net,+915182358189,Abu Dhabi,2025-03-03
CUST-10035,Henry Bose,singhalranbir@example.net,00648738188,Abu Dhabi,2024-09-07
CUST-10036,Theodore Butala,onkar99@example.com,03297915300,Sharjah,2026-02-02
CUST-10037,Yashoda Chahal,wwali@example.net,2925896831,Ajman,2025-10-27
CUST-10038,Rohan Seshadri,janya23@example.com,9035104113,Dubai,2025-01-02
CUST-10039,Ronith Mander,manyashan@example.com,+916830570823,Dubai,2025-11-23
CUST-10040,Chasmum Purohit,aashi10@example.com,06292720815,Abu Dhabi,2024-11-25
CUST-10041,Omisha Rai,kamalakulkarni@example.net,+916245942569,Abu Dhabi,2025-12-30
CUST-10042,Geetika Bhatti,gardeteerth@example.org,2823922400,Dubai,2026-02-04
CUST-10043,Darika Dar,subramanianrachita@example.net,05512053611,Ajman,2026-03-30
CUST-10044,Dev Dalal,bdeol@example.org,05583715296,Ajman,2025-01-11
CUST-10045,Aryan Nair,prabhujeremiah@example.org,4688047649,Ajman,2025-12-12
CUST-10046,Hemal Bhardwaj,oommenanmol@example.net,+911773837222,Dubai,2026-02-20
CUST-10047,Jyoti Sundaram,xbail@example.net,5987446755,Abu Dhabi,2026-05-09
CUST-10048,Girish Raval,kala71@example.org,09657186733,Dubai,2025-07-20
CUST-10049,Charvi Mallick,wbuch@example.org,+914236229579,Dubai,2025-11-05
CUST-10050,Gavin Khosla,bakshiadvika@example.org,03112470177,Sharjah,2024-06-16
CUST-10051,Tejas Ramaswamy,krishnaonkar@example.net,+911551476441,Ajman,2025-05-30
CUST-10052,Aradhana Kothari,brarvritti@example.com,08797080759,Abu Dhabi,2025-04-20
CUST-10053,Jhalak Lad,samuel36@example.net,6157708531,Abu Dhabi,2024-06-30
CUST-10054,Falguni Grover,kalpit26@example.org,1606614653,Dubai,2025-05-18
CUST-10055,Abdul Ben,aayush91@example.org,7271298899,Abu Dhabi,2026-03-18
CUST-10056,Lohit Tara,sai20@example.org,07858686102,Dubai,2025-08-09
CUST-10057,Waida Mitra,theodore48@example.org,+912009438429,Ajman,2024-08-17
CUST-10058,Devika Iyengar,ati23@example.com,07738988750,Dubai,2025-05-13
CUST-10059,Omisha Maharaj,jagrati75@example.org,+913900052266,Abu Dhabi,2025-10-25
CUST-10060,Barkha Rege,bediirya@example.com,05836045397,Ajman,2025-09-11
CUST-10061,Mason Ganesan,meghamangat@example.org,03778883742,Dubai,2024-11-19
CUST-10062,Dev Ratta,fnair@example.net,6779734571,Sharjah,2025-10-09
CUST-10063,Charvi Bandi,chandran02@example.org,7419161768,Abu Dhabi,2025-05-25
CUST-10064,Edhitha Walla,nandinimallick@example.com,+913133453241,Ajman,2024-10-23
CUST-10065,Sudiksha Kalla,maxnori@example.com,+912813362056,Ajman,2024-06-02
CUST-10066,Gagan Saraf,reva89@example.com,00200067014,Abu Dhabi,2025-01-06
CUST-10067,Pratyush Lala,devikadhaliwal@example.net,+913926055727,Ajman,2026-04-13
CUST-10068,Maanas Peri,isaiah51@example.net,5791707708,Ajman,2025-04-23
CUST-10069,Udyati Yogi,ridhimukherjee@example.com,2578169337,Abu Dhabi,2025-02-21
CUST-10070,Veer Purohit,shravya64@example.com,9562539406,Ajman,2026-03-20
CUST-10071,Yauvani Dasgupta,raggarwal@example.com,+912100485258,Abu Dhabi,2025-07-09
CUST-10072,Baghyawati Loyal,onkarpatel@example.com,6489229367,Sharjah,2024-07-17
CUST-10073,Lekha Ranganathan,meghashukla@example.net,4682980381,Dubai,2025-05-01
CUST-10074,Abha Chanda,kalpit66@example.org,1577201396,Ajman,2025-10-17
CUST-10075,Aadhya Kant,hgarde@example.org,5018150036,Dubai,2025-12-26
CUST-10076,Neha Chakraborty,sandhubishakha@example.org,+919398325010,Ajman,2025-02-16
CUST-10077,Yashoda Choudhry,agarwalavi@example.com,+912984004560,Ajman,2024-11-22
CUST-10078,Avi Datta,balvankuruvilla@example.com,+917458932245,Ajman,2025-02-11
CUST-10079,Bakhshi Mandal,bhavini55@example.net,06678742611,Dubai,2024-08-29
CUST-10080,Charvi Prabhakar,chaudhryati@example.org,07701966991,Dubai,2024-07-26
CUST-10081,Zilmil Sankar,dalaja85@example.com,1702461889,Abu Dhabi,2025-11-19
CUST-10082,Jatin Kuruvilla,dalbirjohal@example.org,00006853747,Dubai,2025-02-20
CUST-10083,Shaurya Reddy,dugarbimala@example.org,7314561719,Dubai,2025-01-03
CUST-10084,Mitali Bedi,ramachandrandayita@example.com,+916433688647,Sharjah,2024-05-21
CUST-10085,Jeet Behl,pushti16@example.org,2039800345,Sharjah,2025-12-19
CUST-10086,Ekbal Salvi,suhanidugar@example.com,8955666634,Dubai,2026-01-06
CUST-10087,Kavya Suri,fariqramanathan@example.net,08966412418,Abu Dhabi,2026-03-22
CUST-10088,Chaitaly Dhar,krishnamurthytamanna@example.net,+917613945153,Abu Dhabi,2024-07-24
CUST-10089,Ronith Golla,vanshabhattacharyya@example.org,+910810778581,Ajman,2025-07-01
CUST-10090,Reva Tata,bhargavachakradhar@example.org,+917558684246,Abu Dhabi,2024-09-12
CUST-10091,Logan Dash,varghesezashil@example.net,3611236859,Ajman,2024-07-14
CUST-10092,Urvashi Lad,nmital@example.com,+919183842214,Abu Dhabi,2025-06-18
CUST-10093,Warinder Nadkarni,vasatika19@example.org,+912506088199,Sharjah,2024-06-12
CUST-10094,Amruta Vora,libni60@example.net,04293568081,Sharjah,2026-01-31
CUST-10095,Siddharth Vohra,epanchal@example.org,09124597585,Ajman,2026-03-31
CUST-10096,Fiyaz Biswas,tristanparikh@example.org,+911123000689,Abu Dhabi,2025-03-18
CUST-10097,Vivaan Dewan,sahamahika@example.com,+911905156563,Dubai,2025-12-28
CUST-10098,Dalaja Mahal,parmerbrijesh@example.net,08871767123,Ajman,2024-10-27
CUST-10099,Riya Apte,ssankar@example.org,+917036423508,Sharjah,2025-03-29
CUST-10100,Om Wagle,bedidipta@example.net,+911335833917,Abu Dhabi,2024-08-07
CUST-10101,Jai Viswanathan,dev47@example.net,+913563826321,Sharjah,2024-10-31
CUST-10102,Mason Salvi,upkaarrau@example.org,6879951515,Dubai,2025-10-11
CUST-10103,Eesha Mani,pavani86@example.org,2637335661,Ajman,2025-01-25
CUST-10104,Falan Babu,utkarsh31@example.com,5329225087,Abu Dhabi,2024-12-07
CUST-10105,Bishakha Nori,priya37@example.com,06972808568,Sharjah,2024-08-29
CUST-10106,Aishani Rege,anigam@example.net,6786642765,Abu Dhabi,2025-09-06
CUST-10107,Ridhi Bumb,pradhanmason@example.com,+917928687778,Abu Dhabi,2026-02-27
CUST-10108,Kashish Aurora,teerthkumer@example.org,7027925872,Sharjah,2025-11-25
CUST-10109,Zilmil Agrawal,umadan@example.net,04253581934,Sharjah,2024-06-17
CUST-10110,Vaishnavi Chakrabarti,falakloyal@example.com,03212164357,Ajman,2025-06-28
CUST-10111,Faqid Setty,faras22@example.org,02877959561,Sharjah,2024-05-16
CUST-10112,Oni Sarma,agastya83@example.net,+911059693285,Abu Dhabi,2026-02-12
CUST-10113,Balhaar Rajagopal,rbal@example.com,02496515444,Dubai,2025-05-28
CUST-10114,Adya Bora,gtailor@example.net,1427159373,Sharjah,2024-07-26
CUST-10115,Victor Deo,malldalbir@example.org,+910570166137,Ajman,2026-02-23
CUST-10116,Kavya Shetty,nilima95@example.com,03218333452,Abu Dhabi,2024-11-12
CUST-10117,Pavani Bhavsar,nbalan@example.net,06876937115,Sharjah,2026-01-22
CUST-10118,Chaman Mann,vasatika12@example.org,07046728487,Abu Dhabi,2025-10-22
CUST-10119,Rachana Sandhu,doshibimala@example.org,06648332710,Dubai,2024-12-27
CUST-10120,Omya Memon,zbajaj@example.net,3106015469,Dubai,2025-08-19
CUST-10121,Faqid Dewan,teerth69@example.org,08626661467,Abu Dhabi,2024-11-06
CUST-10122,Bimala Mall,mbatra@example.net,00183729428,Sharjah,2025-12-12
CUST-10123,Indali Mital,ekapadmajumdar@example.org,+911372360660,Abu Dhabi,2025-11-26
CUST-10124,Dipta Dayal,qabil28@example.org,2104168125,Abu Dhabi,2025-05-05
CUST-10125,Deepa Oommen,dakshaghose@example.org,05364328206,Ajman,2025-10-29
CUST-10126,Qushi Mukhopadhyay,fsetty@example.com,5363721136,Dubai,2024-09-17
CUST-10127,Alka Parsa,dateati@example.org,+911848922764,Sharjah,2026-04-05
CUST-10128,Unni Chandra,gadejhalak@example.net,09665285435,Ajman,2025-05-26
CUST-10129,Shivani Sem,boraomaja@example.org,9077446183,Sharjah,2025-03-25
CUST-10130,Dipta Menon,geetika90@example.com,+911091633727,Sharjah,2025-03-12
CUST-10131,Nidra Tella,anusha80@example.org,2374762445,Abu Dhabi,2025-11-24
CUST-10132,Omya Menon,brege@example.com,4674484571,Abu Dhabi,2024-06-29
CUST-10133,Naksh Goswami,warda62@example.org,+917732878188,Sharjah,2024-07-08
CUST-10134,Anthony Kunda,dhruv09@example.org,9231015892,Dubai,2024-12-14
CUST-10135,Oeshi Swamy,qgour@example.net,0774330226,Abu Dhabi,2025-03-08
CUST-10136,Isha Rastogi,sarafjonathan@example.net,+917657606965,Ajman,2026-04-19
CUST-10137,Veer Chakraborty,olivervig@example.org,6110609532,Dubai,2025-12-29
CUST-10138,Aishani Bhardwaj,amruta85@example.com,2815816525,Abu Dhabi,2024-10-11
CUST-10139,Nisha Panchal,butalagaurika@example.net,+912880760460,Dubai,2025-10-14
CUST-10140,Owen Narayanan,ichaudhari@example.org,09242283003,Sharjah,2025-10-23
CUST-10141,Reyansh Upadhyay,karanbhagat@example.org,+911684085687,Ajman,2025-05-26
CUST-10142,Nimrat Bhavsar,jaggiyutika@example.net,03842886954,Ajman,2025-06-25
CUST-10143,Krisha Chawla,pyohannan@example.com,3771453516,Abu Dhabi,2024-05-19
CUST-10144,Edhitha Kashyap,pratyushmittal@example.org,+915536820279,Dubai,2024-06-09
CUST-10145,Nathan Konda,ekavir37@example.org,0083133971,Sharjah,2025-10-31
CUST-10146,Balveer Master,savantmaya@example.org,7354264187,Sharjah,2026-03-06
CUST-10147,Varsha Khanna,bahadurjit37@example.org,+910996678549,Sharjah,2026-01-26
CUST-10148,Gunbir Sodhi,abhimanyusinghal@example.org,01458008320,Abu Dhabi,2025-05-30
CUST-10149,Charles Nadig,yatanshetty@example.net,+918476465431,Abu Dhabi,2025-04-02
CUST-10150,Amruta Chacko,benmatthew@example.org,+919154278846,Ajman,2025-06-27
CUST-10151,Qasim Rau,sbanerjee@example.net,+919795890725,Dubai,2025-04-10
CUST-10152,Turvi Borah,parmerbhavini@example.org,5428367270,Ajman,2025-10-31
CUST-10153,Deepa Ramakrishnan,frederickvasa@example.com,9601191329,Sharjah,2025-01-28
CUST-10154,Madhavi Chacko,daminizacharia@example.com,2361273320,Dubai,2025-03-09
CUST-10155,Sathvik Nayar,dayamaivig@example.org,+912477407912,Sharjah,2024-11-13
CUST-10156,Ucchal Pall,omgoel@example.com,06804005981,Dubai,2025-05-02
CUST-10157,Yashawini Menon,nidhishanker@example.net,+912719494698,Abu Dhabi,2025-12-09
CUST-10158,Hardik Nath,agarwalganga@example.net,05462540241,Abu Dhabi,2024-08-20
CUST-10159,Patrick Iyer,sagaratharv@example.org,+915063965796,Sharjah,2025-01-03
CUST-10160,Vaishnavi Bala,dhriti04@example.net,+913869780388,Dubai,2024-08-11
CUST-10161,Veda Sandal,ekani99@example.net,8720246841,Ajman,2024-10-31
CUST-10162,Nathaniel Manda,prakashyauvani@example.com,+910407718392,Abu Dhabi,2025-07-01
CUST-10163,Warda Rama,viraj96@example.net,04213021045,Abu Dhabi,2024-06-07
CUST-10164,Vanya Dasgupta,bhavna78@example.net,+916474526446,Abu Dhabi,2026-02-12
CUST-10165,Jasmit Bail,hbhandari@example.com,3746481948,Ajman,2026-01-21
CUST-10166,Nirja Vora,dgera@example.org,+914987219240,Abu Dhabi,2026-04-17
CUST-10167,Eesha Kalita,jonathan38@example.org,01119613157,Ajman,2025-08-30
CUST-10168,Chaitanya Kanda,vanshadutta@example.org,09529776388,Abu Dhabi,2024-12-08
CUST-10169,Krishna Chopra,swamyladli@example.com,09621047673,Sharjah,2025-10-11
CUST-10170,Balendra Kata,ronith51@example.com,04255758213,Sharjah,2024-08-23
CUST-10171,Vyanjana Karan,vyanjanalalla@example.net,+912604184229,Abu Dhabi,2026-04-08
CUST-10172,Brinda Sule,lmohanty@example.org,+918803675209,Dubai,2024-10-22
CUST-10173,Deepa Rai,oarora@example.com,+914743511977,Abu Dhabi,2024-12-19
CUST-10174,Kamya Memon,ryanvasa@example.org,3773584226,Dubai,2025-02-05
CUST-10175,Vyanjana Shan,joshua16@example.com,+911061190846,Dubai,2025-01-07
CUST-10176,Widisha Nagar,widisha65@example.net,+915535117382,Abu Dhabi,2024-05-20
CUST-10177,Samarth Atwal,nirja43@example.net,2561187126,Dubai,2024-12-01
CUST-10178,Aishani Chad,dugaravi@example.org,05641209374,Dubai,2024-09-23
CUST-10179,Ranbir Kamdar,malhotranicholas@example.com,8001913590,Dubai,2024-10-16
CUST-10180,Ekaja Bumb,rajeshri19@example.net,4381915941,Abu Dhabi,2025-08-05
CUST-10181,Nachiket Mahal,zansi06@example.org,+914946063828,Sharjah,2025-09-12
CUST-10182,Vansha Goyal,chandgaurika@example.com,+910728815697,Dubai,2024-12-01
CUST-10183,Oviya Ray,falguni31@example.net,+916419419032,Dubai,2025-06-19
CUST-10184,Zashil Dhingra,dhillonwridesh@example.net,4781891488,Abu Dhabi,2025-02-04
CUST-10185,Neel Shukla,divanzayyan@example.com,8213740506,Abu Dhabi,2025-09-16
CUST-10186,Indrajit Lad,nihalbuch@example.org,07546363870,Abu Dhabi,2024-08-29
CUST-10187,Amara Krishnan,hiralkhosla@example.org,+915405993186,Ajman,2024-06-03
CUST-10188,Aarini Anne,netrahayre@example.net,3764616004,Abu Dhabi,2024-09-14
CUST-10189,Christopher Jain,chaturamukhopadhyay@example.net,03601457874,Ajman,2025-03-23
CUST-10190,Geetika Balakrishnan,aadi01@example.com,4070679122,Dubai,2025-03-25
CUST-10191,Owen De,nsaha@example.com,+914026546273,Ajman,2025-11-03
CUST-10192,Gaurav Bains,kevindalia@example.org,+915420380805,Abu Dhabi,2025-08-01
CUST-10193,Reyansh Krish,zashil75@example.org,+918145111957,Abu Dhabi,2024-06-11
CUST-10194,Watika Kade,vidhi56@example.com,+911592280468,Dubai,2024-08-31
CUST-10195,Widisha Guha,sbanik@example.org,+915417528672,Sharjah,2026-02-18
CUST-10196,Damyanti Mand,oliverbala@example.net,4096595912,Ajman,2024-07-08
CUST-10197,Geetika Varkey,darachanchal@example.com,06191786204,Sharjah,2024-12-05
CUST-10198,Pavani Vig,hariradha@example.net,01085247986,Ajman,2025-10-06
CUST-10199,Kamala Bhagat,chakrabartiyug@example.org,+917451498863,Ajman,2025-12-23
CUST-10200,Lohit Sharaf,ibawa@example.org,8543007760,Ajman,2024-06-12
CUST-10201,Charvi Gole,shachaitanya@example.org,07298405453,Abu Dhabi,2024-11-02
CUST-10202,Arya Bakshi,ranveer76@example.org,+910515895988,Ajman,2024-06-13
CUST-10203,Manthan Bhattacharyya,qkanda@example.org,05314216098,Dubai,2025-09-14
CUST-10204,Janya Oommen,zaidraju@example.net,+914034398965,Dubai,2025-01-23
CUST-10205,Nikita Mishra,osha67@example.com,+913262603089,Abu Dhabi,2025-11-23
CUST-10206,Hema Dar,darikachander@example.com,6415441627,Abu Dhabi,2024-11-17
CUST-10207,Daksh Pandya,osha87@example.org,+918455406936,Dubai,2025-02-10
CUST-10208,Divya Nori,hgolla@example.org,07364602156,Ajman,2024-11-11
CUST-10209,Qarin Ramesh,pradhanbhanumati@example.org,03767682079,Abu Dhabi,2024-09-08
CUST-10210,Gaurav Sawhney,thomasnarang@example.org,9851664336,Abu Dhabi,2025-02-13
CUST-10211,Balvan Narang,kala00@example.net,5398624713,Ajman,2025-01-31
CUST-10212,Zaitra Banerjee,gavindasgupta@example.org,1702113258,Ajman,2024-05-16
CUST-10213,Nicholas Oommen,shivani17@example.net,1479946959,Abu Dhabi,2025-06-01
CUST-10214,Ikshita Agrawal,labanbarman@example.org,+917713985529,Ajman,2025-05-12
CUST-10215,Rehaan Date,boseomaja@example.com,01668851154,Sharjah,2025-02-08
CUST-10216,Siddharth Khanna,mmajumdar@example.net,05872508596,Ajman,2026-01-25
CUST-10217,Ishwar Borde,lkalita@example.net,04368633149,Dubai,2026-03-13
CUST-10218,Fitan Golla,victorbera@example.net,+910151700647,Dubai,2025-03-19
CUST-10219,Mohini Mohanty,tara41@example.net,+919532389132,Dubai,2025-08-13
CUST-10220,Michael Balay,pbhagat@example.com,03785230171,Ajman,2025-08-17
CUST-10221,Harrison Grover,raghavmane@example.com,02686971647,Dubai,2024-07-13
CUST-10222,Karan Dada,nakulnaik@example.net,07215043173,Abu Dhabi,2025-11-16
CUST-10223,Ria Dugar,esinghal@example.org,6390243653,Abu Dhabi,2025-08-21
CUST-10224,Eshana Upadhyay,zansisolanki@example.com,07334122943,Dubai,2025-02-26
CUST-10225,Anthony Suresh,ektamangat@example.net,6748303861,Sharjah,2026-05-07
CUST-10226,Chakradhar Ratta,jagarwal@example.net,5341978716,Ajman,2025-01-29
CUST-10227,Barkha Butala,sastryekalinga@example.org,1533874028,Abu Dhabi,2025-02-27
CUST-10228,Hritik Garg,abhadesai@example.com,04004286158,Dubai,2025-07-10
CUST-10229,Gunbir Mutti,amritamander@example.com,8504845237,Abu Dhabi,2024-09-16
CUST-10230,Yutika Sur,bhattikalpit@example.org,01373089902,Ajman,2024-10-02
CUST-10231,Suhani Sarin,brege@example.org,+919818486065,Ajman,2024-09-08
CUST-10232,Rudra Ganesan,ishanviparsa@example.net,+918473679330,Sharjah,2025-08-05
CUST-10233,Mohini Nagy,chadsai@example.org,+911322282969,Dubai,2025-02-17
CUST-10234,Dev Om,gabriel82@example.net,6931876250,Sharjah,2025-02-07
CUST-10235,Faras Kaul,zsandhu@example.org,6790589651,Sharjah,2024-09-23
CUST-10236,Nandini Swaminathan,ekhosla@example.com,3451930906,Sharjah,2024-10-23
CUST-10237,Bahadurjit Sehgal,cborde@example.org,00543874902,Abu Dhabi,2025-10-30
CUST-10238,Gautam Sibal,azaan38@example.org,9555859899,Sharjah,2025-02-28
CUST-10239,Anmol Kapadia,janujasachdeva@example.org,06797745084,Ajman,2025-10-10
CUST-10240,Bishakha Hayre,ektakalita@example.com,7180106679,Abu Dhabi,2025-09-13
CUST-10241,Balvan Virk,george09@example.net,01220248060,Dubai,2026-04-20
CUST-10242,Madhav Peri,morarharrison@example.com,+915147258283,Abu Dhabi,2024-12-12
CUST-10243,Yuvraj Dua,yutikananda@example.net,3684025491,Abu Dhabi,2025-09-23
CUST-10244,Mahika Loke,edwinlila@example.net,6851712907,Abu Dhabi,2025-08-07
CUST-10245,Zehaan Lad,oni41@example.net,+918837865256,Sharjah,2025-10-11
CUST-10246,Hritik Nayar,dzacharia@example.com,1040700681,Abu Dhabi,2024-09-21
CUST-10247,Joshua Doshi,cjoshi@example.net,09056213714,Sharjah,2024-10-15
CUST-10248,Watika Natarajan,triptirana@example.net,06932815967,Dubai,2025-01-20
CUST-10249,Jeet Borah,jacobpatla@example.net,5843937361,Ajman,2024-12-01
CUST-10250,Ekbal Pillay,sanya70@example.net,+916421601269,Dubai,2025-03-14
CUST-10251,Maanav Rastogi,advikdoshi@example.com,08812670675,Sharjah,2025-05-19
CUST-10252,Nimrat Mohanty,osaini@example.com,04545807109,Dubai,2024-09-13
CUST-10253,Ishanvi Tank,pahalmitra@example.net,+919705044813,Abu Dhabi,2025-02-08
CUST-10254,Gaurang Gill,pushtinatarajan@example.org,+913781251041,Sharjah,2026-01-27
CUST-10255,Aayush Ramanathan,sharmakrish@example.net,7680798463,Dubai,2026-03-25
CUST-10256,Ekta Buch,qdhar@example.net,+916831887230,Abu Dhabi,2024-07-19
CUST-10257,Pratyush Sood,jshankar@example.com,00454771806,Ajman,2025-04-10
CUST-10258,Sanaya Hayer,jaggidarsh@example.com,+915485770144,Abu Dhabi,2025-06-24
CUST-10259,Kashish Comar,udarshcheema@example.org,+910981105794,Abu Dhabi,2025-06-23
CUST-10260,Eta Walla,reyansh57@example.net,5921706024,Sharjah,2025-08-22
CUST-10261,Omaja Raval,jyoti20@example.net,03503961963,Ajman,2025-03-05
CUST-10262,Henry Taneja,teerthlad@example.com,+912670175904,Dubai,2025-12-04
CUST-10263,Zayan Mani,xkhurana@example.net,+915251512639,Sharjah,2025-01-16
CUST-10264,Vasana Mohanty,harrison20@example.net,7380624392,Ajman,2025-11-02
CUST-10265,Ekanta Arya,ojasvideshpande@example.org,09950257526,Ajman,2025-08-28
CUST-10266,Onkar Talwar,hsinha@example.org,05467710034,Ajman,2025-04-25
CUST-10267,Rachit Nazareth,vrindasubramaniam@example.com,2849146965,Dubai,2025-07-20
CUST-10268,Zansi Rege,ekajapanchal@example.com,+914941015720,Abu Dhabi,2025-02-12
CUST-10269,Advik Peri,bandianjali@example.net,07501374134,Sharjah,2024-08-01
CUST-10270,Ekaja Karpe,vchandra@example.net,8713464368,Sharjah,2025-03-26
CUST-10271,Amruta Mane,sonibanjeet@example.org,5959387216,Abu Dhabi,2025-02-28
CUST-10272,Naveen Deep,tmanda@example.net,01520897984,Dubai,2024-09-12
CUST-10273,Gauri Yohannan,elijahkhurana@example.com,02830588710,Sharjah,2024-07-08
CUST-10274,Oscar Majumdar,nbanerjee@example.com,02328592997,Ajman,2025-12-21
CUST-10275,Udarsh Bhatia,ubath@example.net,+914213904594,Sharjah,2025-08-03
CUST-10276,Harinakshi Badami,mitalibutala@example.org,03611675215,Dubai,2024-06-30
CUST-10277,Nimrat Char,wazir80@example.com,+918004315703,Ajman,2025-05-02
CUST-10278,Tanay Agarwal,sai27@example.net,04552516083,Dubai,2025-12-14
CUST-10279,Ryan Kamdar,jmanne@example.com,08263302875,Abu Dhabi,2025-07-30
CUST-10280,Tarak Zacharia,npurohit@example.com,+919437977573,Ajman,2024-05-29
CUST-10281,Maanas Dutt,chaturaswaminathan@example.com,03412983119,Dubai,2025-11-13
CUST-10282,Gautam Pandey,sharafthomas@example.org,02131334974,Dubai,2025-06-26
CUST-10283,Praneel Uppal,ubhagat@example.net,9368895079,Ajman,2024-08-13
CUST-10284,Arunima Acharya,leela62@example.org,1576431723,Ajman,2025-06-06
CUST-10285,Aishani Yohannan,bkalita@example.net,1041912491,Abu Dhabi,2024-06-24
CUST-10286,Vihaan Mukhopadhyay,rachitranganathan@example.net,02540717878,Dubai,2024-09-10
CUST-10287,Sai Om,advikprasad@example.com,+912571237738,Abu Dhabi,2025-09-22
CUST-10288,Yug Kota,damini32@example.org,+913239616497,Dubai,2025-10-10
CUST-10289,Yochana Das,bachittarkumer@example.net,05734865255,Ajman,2024-10-12
CUST-10290,Vidhi Dara,loyalchasmum@example.org,2754000542,Dubai,2025-01-29
CUST-10291,Amruta Dada,aachalmangat@example.net,+919138895497,Dubai,2024-09-21
CUST-10292,Bachittar Devi,ybehl@example.com,1388622024,Ajman,2024-12-16
CUST-10293,Ishaan Rajagopal,aarnav48@example.net,07571692761,Ajman,2025-12-07
CUST-10294,Wridesh Bobal,gaurangi22@example.net,5191096511,Sharjah,2025-03-24
CUST-10295,Yadavi Chaudhari,deosiddharth@example.org,+915317532220,Sharjah,2025-02-18
CUST-10296,Rachita Thaker,amohan@example.org,1626978145,Abu Dhabi,2024-08-06
CUST-10297,Zayyan Choudhury,hemal75@example.org,05601966081,Ajman,2025-06-23
CUST-10298,Rushil Wason,dayitabobal@example.com,+917715914884,Dubai,2024-08-24
CUST-10299,Pooja Yadav,pkhurana@example.com,+913265121615,Ajman,2026-04-30
CUST-10300,Pahal Barad,peterbora@example.com,8484424967,Ajman,2026-03-09
CUST-10301,Urishilla Garde,dixitarya@example.org,+914962782291,Sharjah,2025-05-30
CUST-10302,Vincent Lalla,xavier40@example.org,09231054031,Abu Dhabi,2025-12-17
CUST-10303,Matthew Salvi,nchoudhary@example.org,0288097021,Sharjah,2024-07-30
CUST-10304,Jai Varma,sathvik48@example.com,08533729162,Abu Dhabi,2026-04-19
CUST-10305,Dhruv Badami,upma25@example.com,+917214226943,Ajman,2025-02-11
CUST-10306,Champak Jani,shaurya87@example.com,09988979204,Abu Dhabi,2025-10-16
CUST-10307,Harish Jha,oliver49@example.org,+917440098744,Ajman,2025-10-02
CUST-10308,Aditya Kari,gagan57@example.com,+915614432314,Sharjah,2026-02-09
CUST-10309,Zilmil Sawhney,modijyoti@example.net,9920267359,Ajman,2024-08-08
CUST-10310,Avi Deshmukh,jhalak02@example.org,+915940849444,Sharjah,2024-07-10
CUST-10311,Kiaan Parmar,chhabraadvika@example.com,+919730134668,Ajman,2025-10-09
CUST-10312,Maanas Khalsa,anamikajhaveri@example.net,4517772608,Abu Dhabi,2025-04-16
CUST-10313,Ryan Tiwari,krishnasarthak@example.org,6708059439,Dubai,2026-01-12
CUST-10314,Imaran Vala,mangatsai@example.com,08204566878,Dubai,2025-11-27
CUST-10315,Priya Arya,balakrishnanyatan@example.net,+918532679011,Ajman,2025-07-07
CUST-10316,Leena More,kbala@example.net,07594757958,Sharjah,2026-01-25
CUST-10317,Jagvi Kohli,pmohanty@example.org,4000330647,Dubai,2025-02-09
CUST-10318,Faqid Handa,ikshitavenkatesh@example.net,+913055661397,Dubai,2025-10-28
CUST-10319,Xalak Setty,pchakrabarti@example.com,8528722590,Ajman,2025-01-03
CUST-10320,Aayush Sachdev,cheriankrish@example.org,09805961774,Abu Dhabi,2026-01-23
CUST-10321,Darpan Dutta,warjasmann@example.net,02092358723,Ajman,2025-02-19
CUST-10322,Irya Lala,rushil92@example.org,01385574135,Ajman,2025-07-23
CUST-10323,Arjun Som,mrandhawa@example.net,2534367094,Ajman,2025-05-01
CUST-10324,Lavanya Dar,chaitaly91@example.com,3141177256,Ajman,2025-04-20
CUST-10325,Alka Madan,zayyan90@example.net,+916793412464,Ajman,2025-02-01
CUST-10326,Forum Sagar,qdua@example.org,07451679361,Abu Dhabi,2025-09-02
CUST-10327,Chaman Khanna,dguha@example.net,7987030734,Abu Dhabi,2024-10-22
CUST-10328,Aryan Sharma,meerasundaram@example.com,09007126137,Ajman,2026-04-04
CUST-10329,Madhavi Kunda,ekanshcontractor@example.com,04002389480,Ajman,2025-07-13
CUST-10330,Chaitaly Swaminathan,usundaram@example.net,+911127793802,Sharjah,2026-01-23
CUST-10331,Nitara Ramaswamy,sarinjonathan@example.com,06563840399,Ajman,2025-03-26
CUST-10332,Waida Minhas,zben@example.net,+916849939652,Sharjah,2025-11-10
CUST-10333,Pratyush Soni,bakshihitesh@example.com,+910806142869,Dubai,2024-07-14
CUST-10334,Hiral Pillai,korpalekani@example.org,+913619818621,Dubai,2024-12-23
CUST-10335,Anya Borra,harshil96@example.org,+912082643410,Abu Dhabi,2025-03-30
CUST-10336,Krishna Kaul,manthan74@example.org,+918466449118,Sharjah,2025-06-13
CUST-10337,Jagdish Wali,advaith33@example.net,5167340997,Dubai,2025-03-11
CUST-10338,Chandresh Mahajan,ikashyap@example.net,+914645732209,Sharjah,2024-12-25
CUST-10339,Leela Sood,tamanna70@example.net,3265933481,Sharjah,2025-10-09
CUST-10340,George Bhavsar,fariq42@example.net,08873902991,Dubai,2025-07-28
CUST-10341,Yagnesh Nayak,ekani14@example.net,+912992544317,Dubai,2026-03-20
CUST-10342,Girik Yogi,omisha97@example.org,07896805579,Ajman,2025-03-03
CUST-10343,Hitesh Bera,ekapadlad@example.org,04616383652,Ajman,2025-08-31
CUST-10344,Devika Shroff,htailor@example.com,2176392885,Sharjah,2025-09-27
CUST-10345,Eesha Lad,anmolmanda@example.net,6524095477,Sharjah,2025-11-11
CUST-10346,Radha Balay,bhayer@example.org,+911927305137,Abu Dhabi,2025-06-09
CUST-10347,Dalbir Goel,bhavnadixit@example.net,5169197050,Dubai,2024-11-13
CUST-10348,Caleb Sengupta,wakeetachacko@example.com,03148846205,Dubai,2024-11-19
CUST-10349,Krisha Seshadri,semnihal@example.com,6757746736,Sharjah,2025-12-21
CUST-10350,Hredhaan Shukla,sanya81@example.org,1614781311,Dubai,2025-01-16
CUST-10351,Nidra Dave,nray@example.org,8725573944,Dubai,2024-06-03
CUST-10352,Oeshi Toor,ejoshi@example.com,+912301753790,Sharjah,2024-06-06
CUST-10353,Vasana Varma,bhatiaavi@example.net,05295804305,Abu Dhabi,2024-11-30
CUST-10354,Faras Ratti,charles46@example.com,7805929199,Abu Dhabi,2025-07-20
CUST-10355,Vihaan Mital,kahuja@example.org,03456802271,Abu Dhabi,2025-02-22
CUST-10356,Rehaan Narula,pauharrison@example.org,+914260101028,Sharjah,2026-03-21
CUST-10357,Lila Sem,mahikanarayanan@example.net,01109275496,Dubai,2026-04-13
CUST-10358,Bachittar Kannan,tguha@example.net,06789859206,Dubai,2026-03-24
CUST-10359,Dakshesh Yogi,jacob49@example.com,+919935107158,Ajman,2025-12-12
CUST-10360,Sathvik Ramakrishnan,pallaviraj@example.org,+918222463193,Sharjah,2025-03-10
CUST-10361,Kabir Dutt,neha13@example.net,3455299851,Dubai,2025-09-21
CUST-10362,Forum Chaudhuri,kgupta@example.net,+919016341997,Sharjah,2025-12-12
CUST-10363,Ryan Varma,unnatibhatnagar@example.net,09135963946,Ajman,2024-10-25
CUST-10364,Robert Kala,nagarqabil@example.org,+912467686182,Ajman,2026-04-15
CUST-10365,Ansh Dalal,dharmitali@example.com,+914598659645,Sharjah,2025-07-27
CUST-10366,Damyanti Munshi,nvarma@example.org,2321971652,Ajman,2026-01-03
CUST-10367,Nakul Dewan,yauvani89@example.net,06834406366,Sharjah,2025-06-05
CUST-10368,Urishilla Venkatesh,ychar@example.com,6730499226,Dubai,2024-05-20
CUST-10369,Gagan Mandal,tanveer19@example.com,01411182257,Dubai,2026-04-08
CUST-10370,Azad Pradhan,kashish65@example.org,02725166323,Abu Dhabi,2024-05-25
CUST-10371,Vasatika Datta,wrideshchaudry@example.net,+918765274914,Sharjah,2025-11-23
CUST-10372,Lekha Chawla,behloni@example.org,00141835400,Abu Dhabi,2025-01-30
CUST-10373,Arya Andra,pdesai@example.org,+917454364880,Abu Dhabi,2025-03-05
CUST-10374,Rushil Morar,hemal26@example.org,6008951348,Abu Dhabi,2025-04-11
CUST-10375,Om Yadav,kamala15@example.org,5852304368,Ajman,2024-12-29
CUST-10376,Forum Tiwari,balhaar22@example.net,7132485614,Abu Dhabi,2025-10-05
CUST-10377,Eshana Shan,rishi02@example.org,+914196669282,Ajman,2024-08-02
CUST-10378,Gautami Narayan,deepamemon@example.org,+910770690842,Dubai,2025-09-09
CUST-10379,Dipta Barman,gadejeevika@example.net,+918403280593,Abu Dhabi,2025-08-07
CUST-10380,Girindra Karpe,rpingle@example.net,2406725763,Dubai,2024-11-12
CUST-10381,Harrison Babu,qdesai@example.com,+910888031308,Sharjah,2025-02-21
CUST-10382,Rayaan Kari,dalaja54@example.net,01978805825,Abu Dhabi,2025-12-25
CUST-10383,Meera Sunder,dbarad@example.net,4740005404,Sharjah,2024-06-27
CUST-10384,Jai Toor,bhasinhemal@example.com,09757077639,Sharjah,2025-12-07
CUST-10385,Simon Parsa,madhavvarghese@example.com,+911952977454,Sharjah,2026-03-14
CUST-10386,Warjas Deo,edash@example.net,07350323278,Dubai,2026-05-03
CUST-10387,Nitesh Sarin,xagate@example.org,09245854918,Abu Dhabi,2024-12-24
CUST-10388,Fariq Lanka,mdasgupta@example.net,8342658359,Ajman,2025-11-15
CUST-10389,Bhavika Wali,ikshita84@example.org,8335402911,Ajman,2025-01-01
CUST-10390,Ishita Ramachandran,saksham02@example.net,+910651916513,Ajman,2025-02-26
CUST-10391,Qushi Mane,cpandya@example.net,01176777454,Sharjah,2025-11-23
CUST-10392,Warjas Dey,vperi@example.com,+919294949262,Sharjah,2025-04-13
CUST-10393,Bina Mody,raichaitanya@example.com,04621676157,Dubai,2026-04-03
CUST-10394,Falguni Dugar,shethmegha@example.org,+915899630844,Abu Dhabi,2024-06-22
CUST-10395,Nidhi Rajagopal,mohiniswamy@example.org,02439959648,Ajman,2026-02-07
CUST-10396,Max Swaminathan,hemanginipandya@example.com,2850350261,Abu Dhabi,2026-03-16
CUST-10397,Sneha Kade,patlachandran@example.org,+916665472897,Ajman,2024-09-28
CUST-10398,Nihal Reddy,oagarwal@example.org,0210590942,Dubai,2025-05-14
CUST-10399,Priya Ratta,ravilekha@example.net,7403123484,Ajman,2025-05-07
CUST-10400,Chakradev Ram,sunderfaqid@example.org,08928423801,Abu Dhabi,2025-12-17
CUST-10401,Alexander Deshpande,dateradhika@example.org,1878039434,Sharjah,2025-12-12
CUST-10402,Mitesh Ratta,ramasai@example.com,4812111703,Ajman,2025-11-18
CUST-10403,Karan Bera,khuranaanmol@example.org,3839390736,Abu Dhabi,2025-10-11
CUST-10404,Oni Radhakrishnan,thomaskaur@example.org,4460960013,Dubai,2026-04-05
CUST-10405,Caleb Dara,ladlibobal@example.com,09225033904,Dubai,2026-05-08
CUST-10406,Aayush Palla,pbhardwaj@example.com,02218762741,Sharjah,2026-02-03
CUST-10407,Ishita Trivedi,aayushvala@example.com,07021668826,Dubai,2025-08-28
CUST-10408,Jatin Bhavsar,aarushmohan@example.net,4945384142,Dubai,2025-06-17
CUST-10409,Neelima Upadhyay,datwal@example.net,7276042050,Sharjah,2024-09-15
CUST-10410,Victor Bahri,venkateshrajeshri@example.net,1888958264,Dubai,2025-10-24
CUST-10411,Fiyaz Thaker,ukapadia@example.net,02917394482,Ajman,2024-05-28
CUST-10412,Abhiram Trivedi,nidhimittal@example.com,+914962359850,Abu Dhabi,2025-10-21
CUST-10413,Sara Dugar,wkeer@example.net,06192518969,Abu Dhabi,2025-04-20
CUST-10414,Janaki Char,ranbir06@example.net,4812709242,Dubai,2025-08-07
CUST-10415,Hamsini Dhingra,arorasara@example.com,07127118151,Dubai,2026-01-03
CUST-10416,Tara Tak,rkothari@example.org,+916959517720,Dubai,2024-06-30
CUST-10417,Isaiah Saran,logan91@example.com,08779233020,Sharjah,2024-12-30
CUST-10418,Raagini Jha,aarav03@example.org,9741691643,Sharjah,2025-12-19
CUST-10419,Nitara Magar,tamanna05@example.net,+912998960745,Abu Dhabi,2025-09-18
CUST-10420,Naksh Mishra,comarindrajit@example.net,01728792011,Ajman,2025-02-09
CUST-10421,Nitesh Sarraf,ravelnaksh@example.org,03888639263,Dubai,2024-06-20
CUST-10422,Finn Johal,azaanrau@example.net,03250139954,Ajman,2026-01-21
CUST-10423,Sachi Talwar,zilmil04@example.org,+910869923335,Dubai,2024-09-14
CUST-10424,Aarav Kota,atharvpatla@example.net,02459620160,Sharjah,2025-11-02
CUST-10425,Mahika Soman,chatresh93@example.com,2049577367,Dubai,2025-09-12
CUST-10426,Daksh Seth,kramesh@example.org,05807697384,Ajman,2026-01-23
CUST-10427,Lipika Varughese,atharvrandhawa@example.com,02401027774,Abu Dhabi,2025-09-05
CUST-10428,Rudra Cherian,kavya24@example.com,04375309595,Sharjah,2024-11-28
CUST-10429,Gunbir Sastry,balasudiksha@example.org,08021842708,Sharjah,2025-08-29
CUST-10430,Divya Natarajan,wablegaurika@example.net,+910602029075,Sharjah,2025-10-16
CUST-10431,Chasmum Singh,sankaryashawini@example.net,+915384390208,Ajman,2025-05-05
CUST-10432,Chavvi Vyas,warda09@example.org,+917715293056,Abu Dhabi,2026-01-03
CUST-10433,Qarin Chandra,tripathinaveen@example.org,9408975978,Sharjah,2024-05-14
CUST-10434,Azaan Pillay,sudiksha17@example.org,02985073415,Dubai,2024-05-14
CUST-10435,Mahika Ahluwalia,ishwarbhatti@example.org,01871127361,Ajman,2024-08-21
CUST-10436,Raksha Raja,manankaul@example.com,1045917180,Ajman,2026-05-13
CUST-10437,Amaira Chaudhry,galagayathri@example.org,8046447628,Ajman,2025-11-20
CUST-10438,Sanaya Chana,behldominic@example.com,+911374616490,Sharjah,2025-12-24
CUST-10439,Patrick Sibal,bordegautam@example.com,06372552395,Ajman,2026-02-14
CUST-10440,Kritika Atwal,mangaltamanna@example.org,08199820797,Sharjah,2024-06-21
CUST-10441,Nidhi Gola,warda47@example.org,04787049634,Abu Dhabi,2025-08-14
CUST-10442,Kashvi Suri,chandrajyoti@example.org,9764668398,Ajman,2024-09-08
CUST-10443,Tanveer Subramanian,xmuni@example.net,+916798913410,Sharjah,2026-04-10
CUST-10444,Ikshita Bawa,jacksonsaraf@example.com,02056739151,Dubai,2025-06-06
CUST-10445,Manthan Shan,oni69@example.org,01485832457,Abu Dhabi,2026-02-22
CUST-10446,Gautam Rattan,shawarhi@example.net,9983489263,Sharjah,2025-08-21
CUST-10447,Chaitanya Loyal,lopa26@example.org,04604338826,Ajman,2024-09-30
CUST-10448,Tara Dayal,dbhatnagar@example.net,+914139658993,Ajman,2025-02-28
CUST-10449,Chasmum Nadkarni,sbassi@example.net,00877281322,Sharjah,2026-01-03
CUST-10450,Champak Narula,harini40@example.org,04303359279,Ajman,2025-05-22
CUST-10451,Bahadurjit Ram,odikamangat@example.net,07179697787,Abu Dhabi,2025-08-08
CUST-10452,Chasmum Mani,riyabajaj@example.com,02276309934,Dubai,2024-10-28
CUST-10453,David Thaman,gthakkar@example.com,+914352907427,Sharjah,2024-12-16
CUST-10454,Manya Kapadia,yatanmann@example.net,+913360774069,Sharjah,2026-03-18
CUST-10455,Neelima Apte,rohan59@example.net,07702131103,Ajman,2024-10-28
CUST-10456,Shivani Goswami,champakbandi@example.org,05409661496,Dubai,2026-01-20
CUST-10457,Reyansh Sankaran,dalajashah@example.com,3281824119,Sharjah,2025-12-17
CUST-10458,Urmi Bera,chandzansi@example.com,6015978787,Dubai,2026-05-02
CUST-10459,Omaja Dhar,qadimkhanna@example.net,+918293317562,Ajman,2024-09-01
CUST-10460,Triya Mukhopadhyay,hiralradhakrishnan@example.net,03567631815,Ajman,2025-12-09
CUST-10461,Krishna Bora,ekanta39@example.net,09596710477,Abu Dhabi,2025-07-09
CUST-10462,Bhanumati Anand,balayupma@example.net,01254015171,Abu Dhabi,2026-04-21
CUST-10463,Manbir Butala,champak14@example.net,1589065647,Sharjah,2024-11-05
CUST-10464,Qadim Sankaran,kashvi92@example.net,5024708881,Dubai,2025-05-23
CUST-10465,Turvi Tiwari,dayita61@example.com,+911008394355,Dubai,2025-02-27
CUST-10466,Brijesh Comar,nagylaksh@example.net,5792820974,Ajman,2026-02-13
CUST-10467,Isaac Krish,yashasvibhagat@example.net,02567701192,Dubai,2025-03-12
CUST-10468,Kabir Rau,chakradev20@example.org,07199453342,Dubai,2025-07-29
CUST-10469,Deepa Sanghvi,ekiyabedi@example.org,+911879876510,Dubai,2024-10-09
CUST-10470,Falak Upadhyay,vedika57@example.com,8351312724,Dubai,2026-02-21
CUST-10471,Aarnav Gera,ramakrishnangabriel@example.net,3760619108,Ajman,2025-11-08
CUST-10472,Vedhika Rau,dipta45@example.net,3152736467,Dubai,2024-09-03
CUST-10473,Rachana Sant,hredhaantrivedi@example.com,06438537009,Abu Dhabi,2025-06-22
CUST-10474,Rachita Mody,abhimanyudhaliwal@example.org,3001972107,Abu Dhabi,2026-03-24
CUST-10475,Odika Bora,charan11@example.org,01149190134,Ajman,2025-03-12
CUST-10476,Yashica Babu,rborah@example.net,6806732605,Sharjah,2025-07-30
CUST-10477,Yoshita Doctor,gardegaurika@example.net,+918134513928,Abu Dhabi,2025-05-13
CUST-10478,David Tella,xchandra@example.net,8798683267,Abu Dhabi,2025-03-22
CUST-10479,Ryan Krishnan,agastya86@example.org,06294763860,Dubai,2026-05-03
CUST-10480,Tanmayi Parmar,gaurisarna@example.com,1549593533,Ajman,2025-08-28
CUST-10481,Gayathri Lanka,aaggarwal@example.net,+918490665569,Abu Dhabi,2025-03-04
CUST-10482,Bhavika Kaul,ypatla@example.com,01581890083,Abu Dhabi,2024-06-02
CUST-10483,Udant Vasa,asaini@example.com,+913040104489,Sharjah,2026-03-24
CUST-10484,Yug Master,arorakashvi@example.com,+918949113098,Dubai,2026-02-03
CUST-10485,Harrison Guha,chanchal02@example.org,03974349792,Ajman,2024-09-04
CUST-10486,Owen Grewal,farhan01@example.net,+910693152145,Sharjah,2024-12-17
CUST-10487,Harrison Jayaraman,wbath@example.net,07813295929,Dubai,2025-07-23
CUST-10488,Chandani Sampath,cchawla@example.org,+910646525605,Sharjah,2024-07-05
CUST-10489,Pahal Prasad,gabrielmohanty@example.net,+916794503021,Dubai,2025-06-08
CUST-10490,Ranveer Thakkar,tejasdixit@example.com,3177407355,Abu Dhabi,2025-07-25
CUST-10491,Tamanna Din,ysandhu@example.org,05836187399,Dubai,2024-05-20
CUST-10492,Noah Buch,mannsneha@example.net,7386424693,Dubai,2025-05-16
CUST-10493,Eshana Sheth,sakshampalla@example.com,00591201371,Abu Dhabi,2025-12-11
CUST-10494,Mitesh Mangat,jyoti46@example.com,07598494064,Ajman,2025-01-13
CUST-10495,Chatresh Gopal,sethianjali@example.org,09680257196,Ajman,2025-11-23
CUST-10496,Ira Mannan,ncomar@example.com,+912684628216,Dubai,2025-04-11
CUST-10497,Maya Garde,owarrior@example.net,4654763672,Abu Dhabi,2025-07-18
CUST-10498,Madhavi Seth,rpradhan@example.org,09609212633,Abu Dhabi,2024-10-19
CUST-10499,Vihaan Ram,zayyankibe@example.com,+913735117913,Sharjah,2024-09-06
